Symbol,Side,Qty,Fill Price,Commission,Closing Time
$CASH,Deposit,100.0,0,0,2024-11-15 12:28:34
NASDAQ:EUNL,Buy,0.1081281,102.655,0,2024-11-15 12:49:44
NASDAQ:MSTR,Buy,0.25,346.03,0,2024-11-18 14:30:03
NASDAQ:MSTR,Sell,0.25,341.0,,2024-11-18 14:32:08
NASDAQ:MSTR,Buy,0.2651132,348.41,0,2024-11-18 14:39:35
NASDAQ:MSTR,Sell,0.2651132,347.5,,2024-11-18 14:40:14
NASDAQ:MSTR,Buy,0.2631476,348.96,0,2024-11-18 14:41:05
NASDAQ:MSTR,Sell,0.2631476,370.27,,2024-11-18 16:01:48
NASDAQ:PLTR,Buy,1.604511,60.47,0,2024-11-19 10:25:10
NASDAQ:DJT,Sell,0.723391,30.89,,2024-11-19 10:28:49
NASDAQ:PLTR,Sell,1.604511,61.79,,2024-11-21 12:40:33
NASDAQ:MSTR,Buy,0.2299342,526.5,0,2024-11-21 12:40:53
$CASH,Deposit,500.0,0,0,2024-11-28 06:31:13
NASDAQ:EUNL,Buy,3.0031605,104.38,0,2024-11-28 15:07:24
NASDAQ:VUSA,Buy,1.183329,90.04251,0,2024-11-28 15:07:24
NASDAQ:NVDA,Buy,0.4494369,136.75,0,2024-11-29 14:30:04
NASDAQ:MSTR,Sell,0.2299342,413.41,,2024-12-12 09:20:16
NASDAQ:ATO,Buy,21052.57,0.0019,0,2024-12-12 09:23:15
NASDAQ:UBER,Buy,0.831471,63.42,0,2024-12-12 10:44:57
NASDAQ:UBER,Sell,0.831471,61.67,,2024-12-13 08:05:09
NASDAQ:ATO,Buy,16310.0,0.003,0,2024-12-13 08:05:39
NASDAQ:AMC,Sell,4.761243,4.31,,2024-12-13 09:00:00
NASDAQ:ATO,Buy,6748.24,0.0029,0,2024-12-13 09:00:49
$CASH,Deposit,1000.0,0,0,2024-12-27 06:32:14
NASDAQ:VUSA,Buy,4.566558,91.155,0,2024-12-27 08:01:46
NASDAQ:EUNL,Buy,3.9422966,105.195,0,2024-12-27 08:04:05
NASDAQ:NVDA,Buy,0.636177,138.61,0,2024-12-27 14:30:21
NASDAQ:EUNL,Sell,2.7993668,104.395,,2025-01-02 09:06:04
NASDAQ:VUSA,Sell,5.148264,89.7975,,2025-01-02 09:06:05
NASDAQ:NVDA,Buy,0.0877666,136.03,0,2025-01-02 14:31:05
NASDAQ:QMCO,Buy,2.125794,54.5,0,2025-01-02 14:31:05
NASDAQ:QSI,Buy,41.82519,2.77,0,2025-01-02 14:31:05
NASDAQ:ARQQ,Buy,2.936175,39.46,0,2025-01-02 14:32:23
NASDAQ:TSLA,Buy,1.0376432,390.8,0,2025-01-02 14:32:25
NASDAQ:QBTS,Buy,13.38332,8.66,0,2025-01-02 14:32:59
NASDAQ:NVDA,Sell,1.3364559,137.13,,2025-01-02 15:20:58
NASDAQ:QMCO,Sell,0.03572,55.19,,2025-01-02 15:20:59
NASDAQ:QSI,Sell,4.98874,3.18,,2025-01-02 15:21:02
NASDAQ:TSLA,Buy,0.0316904,381.92,0,2025-01-02 15:21:02
NASDAQ:EUNL,Buy,0.0286971,104.885,0,2025-01-02 15:21:02
NASDAQ:VUSA,Buy,0.033982,90.4575,0,2025-01-02 15:21:02
NASDAQ:U,Buy,6.859489,25.49,0,2025-01-02 15:21:02
NASDAQ:QBTS,Buy,0.35031,8.49,0,2025-01-02 15:21:03
NASDAQ:ARQQ,Buy,0.094767,38.99,0,2025-01-02 15:21:56
NASDAQ:NVDA,Sell,0.0106022,139.97,,2025-01-03 14:30:07
NASDAQ:QSI,Sell,22.60275,4.82,,2025-01-03 14:30:19
NASDAQ:QMCO,Sell,0.05809,55.0,,2025-01-03 14:31:46
NASDAQ:ARQQ,Sell,0.079218,38.9,,2025-01-03 14:31:46
NASDAQ:QBTS,Sell,1.2211,9.25,,2025-01-03 14:32:15
NASDAQ:EUNL,Buy,0.258002,104.96,0,2025-01-03 14:32:22
NASDAQ:U,Buy,0.252851,24.83,0,2025-01-03 14:32:22
NASDAQ:VUSA,Buy,0.821643,90.30751,0,2025-01-03 14:32:22
NASDAQ:TSLA,Buy,0.0038279,383.83,0,2025-01-03 14:32:23
NASDAQ:QBTS,Sell,0.363517,10.12,,2025-01-06 15:41:12
NASDAQ:NVDA,Sell,0.1696795,151.34,,2025-01-06 15:41:12
NASDAQ:TSLA,Sell,0.1984124,414.67,,2025-01-06 15:41:12
NASDAQ:ARQQ,Sell,1.414226,38.73,,2025-01-06 15:41:19
NASDAQ:EUNL,Buy,0.1524997,105.77,0,2025-01-06 15:41:19
NASDAQ:COIN,Buy,0.4162111,290.3,0,2025-01-06 15:41:19
NASDAQ:VUSA,Buy,0.133926,91.095,0,2025-01-06 15:41:19
NASDAQ:QMCO,Buy,0.165859,55.35,0,2025-01-06 15:41:21
NASDAQ:U,Buy,0.135812,25.1,0,2025-01-06 15:41:22
NASDAQ:TSLA,Sell,0.0717912,432.5,,2025-01-21 14:30:04
NASDAQ:QMCO,Sell,0.534312,33.0,,2025-01-21 14:30:07
NASDAQ:COIN,Sell,0.4162111,298.0,,2025-01-21 14:30:20
NASDAQ:QBTS,Sell,1.53812,5.54,,2025-01-21 14:34:26
NASDAQ:VUSA,Buy,0.147522,93.05501,0,2025-01-21 14:35:06
NASDAQ:NVDA,Buy,0.1431121,139.13,0,2025-01-21 14:35:06
NASDAQ:QSI,Buy,10.76719,2.28,0,2025-01-21 14:35:06
NASDAQ:EUNL,Buy,0.2443004,106.385,0,2025-01-21 14:35:07
NASDAQ:U,Buy,0.736654,22.0,0,2025-01-21 14:35:09
NASDAQ:ARQQ,Buy,0.625915,26.44,0,2025-01-21 14:35:11
$CASH,Deposit,699.0,0,0,2025-01-29 13:15:33
NASDAQ:VUSA,Buy,2.918993,92.53751,0,2025-01-29 13:22:18
NASDAQ:EUNL,Buy,3.1445228,107.145,0,2025-01-29 13:22:18
NASDAQ:TSLA,Buy,0.1117738,395.4,0,2025-01-29 14:30:02
NASDAQ:NVDA,Buy,0.4476594,126.51,0,2025-01-29 14:30:03
NASDAQ:NVDA,Sell,0.0517486,139.48,,2025-02-20 18:30:35
NASDAQ:U,Sell,5.552529,27.24,,2025-02-20 18:30:36
NASDAQ:QBTS,Sell,1.04759,6.93,,2025-02-20 18:30:37
NASDAQ:EUNL,Sell,0.3692369,107.925,,2025-02-21 08:04:10
NASDAQ:VUSA,Buy,0.940126,91.63501,0,2025-02-21 08:04:12
NASDAQ:TSLA,Buy,0.0251771,353.63,0,2025-02-21 14:30:01
NASDAQ:QSI,Buy,10.308,1.9,0,2025-02-21 14:30:02
NASDAQ:QMCO,Buy,2.299171,16.65,0,2025-02-21 14:30:02
NASDAQ:ARQQ,Buy,1.797547,17.21,0,2025-02-21 14:30:04
$CASH,Deposit,500.0,0,0,2025-02-26 13:15:37
NASDAQ:EUNL,Buy,1.8804992,106.36,0,2025-02-26 13:38:18
NASDAQ:VUSA,Buy,1.842872,89.7675,0,2025-02-26 13:38:29
NASDAQ:NVDA,Buy,0.4029227,129.98,0,2025-02-26 14:30:03
NASDAQ:TSLA,Buy,0.1722759,304.0,0,2025-02-26 14:30:03
$CASH,Deposit,500.0,0,0,2025-03-28 06:30:40
NASDAQ:EUNL,Buy,1.032392,99.342,0,2025-03-28 08:05:05
NASDAQ:VUSA,Buy,2.166803,82.985,0,2025-03-28 08:05:06
NASDAQ:QBTS,Sell,0.55401,7.93,,2025-03-28 13:32:06
NASDAQ:NVDA,Buy,0.745534,110.86,0,2025-03-28 13:32:07
NASDAQ:EUNL,Buy,0.046177,99.18,0,2025-03-28 13:32:07
NASDAQ:TSLA,Buy,0.1738154,272.08,0,2025-03-28 13:32:07
NASDAQ:VUSA,Buy,0.04609,82.895,0,2025-03-28 13:32:07
NASDAQ:U,Buy,0.903832,21.5,0,2025-03-28 13:32:07
NASDAQ:QSI,Buy,19.57696,1.32,0,2025-03-28 13:32:08
NASDAQ:QMCO,Buy,0.613182,15.52,0,2025-03-28 13:32:11
NASDAQ:ARQQ,Buy,0.326062,16.38,0,2025-03-28 13:32:23
$CASH,Deposit,100.0,0,0,2025-04-16 16:52:58
NASDAQ:NVDA,Buy,1.0967229,103.57,0,2025-04-16 16:53:28
$CASH,Deposit,400.0,0,0,2025-04-23 14:15:35
NASDAQ:SMCI,Buy,1.338626,33.92,0,2025-04-23 14:17:43
NASDAQ:RIVN,Buy,4.737712,11.98,0,2025-04-23 14:17:43
NASDAQ:MSTR,Buy,0.1970894,345.57,0,2025-04-23 14:17:44
NASDAQ:OKLO,Buy,4.068037,23.44,0,2025-04-23 14:17:44
NASDAQ:NOK,Buy,9.81543,5.32,0,2025-04-23 14:17:47
NASDAQ:SRFM,Buy,9.19396,2.47,0,2025-04-23 14:18:05
NASDAQ:NOTE,Buy,74.0169,0.6135,0,2025-04-23 14:18:09
NASDAQ:ATO,Buy,16666.63,0.0036,0,2025-04-23 14:18:34
$CASH,Deposit,500.0,0,0,2025-04-29 05:30:17
NASDAQ:EUNL,Buy,1.858152,93.27,0,2025-04-29 07:30:50
NASDAQ:VUSA,Buy,2.0,78.4084,0,2025-04-29 07:30:51
NASDAQ:VUSA,Buy,0.65823,78.41251,0,2025-04-29 07:30:54
NASDAQ:NVDA,Buy,0.9461996,107.7,0,2025-04-29 13:30:00
$CASH,Deposit,100.0,0,0,2025-05-16 17:41:43
NASDAQ:SMCI,Buy,0.610282,45.68,0,2025-05-16 17:44:34
NASDAQ:OKLO,Buy,1.04372,37.39,0,2025-05-16 17:44:36
NASDAQ:RIVN,Buy,1.423305,15.67,0,2025-05-16 17:44:44
NASDAQ:SRFM,Buy,8.44848,2.64,0,2025-05-16 17:45:29
NASDAQ:ATO,Sell,0.026175,38.2,,2025-05-26 07:00:28
NASDAQ:NVDA,Sell,1.0967229,132.8,,2025-05-27 00:00:02
NASDAQ:SMCI,Sell,0.167872,41.37,,2025-05-27 13:30:00
NASDAQ:MSTR,Sell,0.0035014,380.41,,2025-05-27 13:30:01
NASDAQ:NOK,Sell,3.12455,5.44,,2025-05-27 13:30:11
NASDAQ:OKLO,Sell,0.801719,49.56,,2025-05-27 13:30:11
NASDAQ:SRFM,Sell,1.17866,2.55,,2025-05-27 13:30:17
NASDAQ:NOTE,Sell,7.7525,0.63,,2025-05-27 13:30:17
NASDAQ:PLTR,Buy,0.5533007,127.73,0,2025-05-27 13:31:33
NASDAQ:RIVN,Buy,0.182133,15.89,0,2025-05-27 13:31:34
NASDAQ:PLTR,Buy,0.1268475,127.14,0,2025-05-27 13:32:17
NASDAQ:OKLO,Buy,0.862288,48.37,0,2025-05-27 13:32:17
NASDAQ:MSTR,Buy,0.0354592,378.0,0,2025-05-27 13:32:17
NASDAQ:SMCI,Buy,0.318873,41.18,0,2025-05-27 13:32:17
NASDAQ:RIVN,Buy,1.309993,15.82,0,2025-05-27 13:32:18
NASDAQ:NOK,Buy,1.24551,5.44,0,2025-05-27 13:32:19
NASDAQ:NOTE,Buy,15.549,0.646,0,2025-05-27 13:32:31
NASDAQ:SRFM,Buy,3.458,2.6,0,2025-05-27 13:35:52
NASDAQ:ATO,Buy,0.323979,38.675,0,2025-05-27 13:35:59
$CASH,Deposit,500.0,0,0,2025-05-28 10:15:39
NASDAQ:VUSA,Buy,1.11103,83.0575,0,2025-05-28 10:17:32
NASDAQ:EUNL,Buy,0.901299,99.656,0,2025-05-28 10:17:32
NASDAQ:MSTR,Buy,0.1021595,369.2,0,2025-05-28 13:30:01
NASDAQ:PLTR,Buy,0.5443061,124.38,0,2025-05-28 13:30:08
NASDAQ:RIVN,Buy,3.475833,15.41,0,2025-05-28 13:30:08
NASDAQ:SMCI,Buy,0.781514,42.0,0,2025-05-28 13:30:08
NASDAQ:NOTE,Buy,30.6115,0.648,0,2025-05-28 13:30:08
NASDAQ:OKLO,Buy,1.942819,53.6,0,2025-05-28 13:30:08
NASDAQ:SRFM,Buy,8.11989,2.8,0,2025-05-28 13:30:13
$CASH,Deposit,2000.0,0,0,2025-05-29 10:15:34
NASDAQ:UEC,Buy,349.51603,6.45,0,2025-05-29 10:24:26
$CASH,Deposit,500.0,0,0,2025-06-05 05:15:59
NASDAQ:BTM,Buy,129.23018,4.41,0,2025-06-05 08:03:11
NASDAQ:BTM,Sell,27.86905,4.11,,2025-06-05 18:26:07
NASDAQ:AES,Buy,10.908557,10.47,0,2025-06-05 18:26:25
NASDAQ:TSLA,Sell,1.2860001,285.89,,2025-06-09 13:30:03
NASDAQ:QSI,Sell,6.48437,1.76,,2025-06-09 13:30:10
NASDAQ:ARQQ,Sell,0.955573,26.25,,2025-06-09 13:30:13
NASDAQ:QMCO,Buy,3.19117,11.19,0,2025-06-09 13:31:17
NASDAQ:NVDA,Buy,0.6213746,144.11,0,2025-06-09 13:31:17
NASDAQ:VUSA,Buy,0.434383,84.2525,0,2025-06-09 13:31:17
NASDAQ:U,Buy,0.071706,25.55,0,2025-06-09 13:31:19
NASDAQ:EUNL,Buy,0.5104808,100.65,0,2025-06-09 13:31:20
NASDAQ:QBTS,Buy,4.811435,18.32,0,2025-06-09 13:33:34
$CASH,Deposit,1000.0,0,0,2025-06-10 05:16:21
NASDAQ:NVTS,Buy,151.75104,7.5,0,2025-06-10 08:04:47
$CASH,Deposit,100.0,0,0,2025-06-13 11:15:12
NASDAQ:PGRE,Buy,17.33085,6.63,0,2025-06-13 13:29:10
NASDAQ:AES,Sell,10.908557,11.2,,2025-06-17 11:53:18
NASDAQ:MVST,Buy,26.37352,4.62,0,2025-06-17 11:55:29
NASDAQ:PGRE,Sell,17.33085,6.4,,2025-06-17 13:28:39
NASDAQ:MVST,Buy,23.62792,4.68,0,2025-06-17 13:29:25
NASDAQ:UEC,Sell,70.0,6.82,,2025-06-25 18:20:07
NASDAQ:ABCL,Buy,125.25713486,3.8,0,2025-06-25 18:20:49
NASDAQ:ABCL,Sell,65.0,3.77,,2025-06-26 17:05:26
NASDAQ:COMM,Buy,27.26771918,8.25,0,2025-06-26 17:06:02
NASDAQ:COMM,Buy,2.34343602,8.25,0,2025-06-26 17:06:04
$CASH,Deposit,300.0,0,0,2025-06-27 05:30:37
NASDAQ:EUNL,Buy,0.98640505,100.405,0,2025-06-30 07:18:34
NASDAQ:VUSA,Buy,0.98905593,85.55251,0,2025-06-30 07:18:34
NASDAQ:NVDA,Buy,0.16256654,158.44,0,2025-06-30 13:30:01
NASDAQ:PLTR,Buy,0.3310465,137.84,0,2025-06-30 13:30:01
NASDAQ:SRFM,Buy,7.02111548,3.5,0,2025-06-30 13:30:08
NASDAQ:OKLO,Buy,1.86145898,56.58,0,2025-06-30 13:30:08
NASDAQ:ABCL,Sell,60.25713486,3.47,,2025-07-02 11:19:37
NASDAQ:COMM,Sell,29.6111552,8.24,,2025-07-02 11:23:53
NASDAQ:PL,Buy,70.65767913,6.39,0,2025-07-02 11:30:52
NASDAQ:PL,Sell,34.09135028,6.9,,2025-07-07 08:00:03
NASDAQ:AMPX,Buy,49.27891176,4.76,0,2025-07-07 08:01:32
NASDAQ:MVST,Sell,17.55468934,3.34,,2025-07-08 13:56:46
NASDAQ:SRFM,Buy,10.80375837,5.41,0,2025-07-08 13:57:30
NASDAQ:SRFM,Sell,45.86654385,7.1,,2025-07-08 18:37:01
NASDAQ:U,Sell,3.407815,29.2,,2025-07-09 11:18:57
NASDAQ:ARQQ,Sell,3.331449,37.0,,2025-07-09 11:19:44
NASDAQ:QMCO,Sell,7.767054,8.96,,2025-07-09 11:32:44
NASDAQ:SRFM,Buy,79.72865239,7.73,0,2025-07-09 13:34:00
NASDAQ:SRFM,Sell,79.72865239,6.51,,2025-07-09 15:24:23
NASDAQ:NAK,Buy,226.29485315,2.28,0,2025-07-10 14:41:08
NASDAQ:AMPX,Sell,49.27891176,6.46,,2025-07-14 14:54:04
NASDAQ:SRFM,Buy,31.7895737,7.34,0,2025-07-14 15:03:08
NASDAQ:SRFM,Sell,31.7895737,7.05,,2025-07-14 15:11:16
NASDAQ:NAK,Sell,226.29485315,2.15,,2025-07-15 19:01:09
NASDAQ:SLDP,Buy,95.50863078,3.43,0,2025-07-16 08:29:11
NASDAQ:UUUU,Buy,29.7200137,7.81,0,2025-07-16 08:30:00
NASDAQ:UUUU,Sell,29.7200137,7.8,,2025-07-16 08:31:32
NASDAQ:UUUU,Buy,29.59096779,7.81,0,2025-07-16 08:33:12
NASDAQ:AMPX,Buy,30.53675763,7.6,0,2025-07-16 08:35:42
NASDAQ:UEC,Sell,279.51603,7.51,,2025-07-16 17:48:10
NASDAQ:UUUU,Buy,226.55072504,9.23,0,2025-07-18 09:09:05
NASDAQ:PL,Sell,36.56632885,6.7,,2025-07-18 09:22:14
NASDAQ:KOPN,Buy,106.18948917,2.3,0,2025-07-18 09:29:44
NASDAQ:BTM,Sell,101.36113,6.0,,2025-07-18 13:30:08
NASDAQ:ATAI,Buy,175.88416941,3.44,0,2025-07-21 08:28:36
NASDAQ:NVTS,Sell,151.75104,9.03,,2025-07-21 14:21:14
NASDAQ:OPEN,Buy,370.99146324,3.69,0,2025-07-22 11:35:15
NASDAQ:SLDP,Sell,95.50863078,4.02,,2025-07-23 15:43:21
NASDAQ:ATAI,Sell,175.88416941,3.67,,2025-07-23 15:44:24
NASDAQ:ATYR,Buy,150.13298351,6.85,0,2025-07-24 10:48:19
NASDAQ:UUUU,Sell,256.14169283,9.6,,2025-07-24 13:34:45
NASDAQ:AMPX,Sell,30.53675763,7.83,,2025-07-24 16:04:31
NASDAQ:QSI,Sell,48.40148,2.02,,2025-07-25 09:24:54
NASDAQ:AUR,Buy,151.43485274,6.55,0,2025-07-25 11:40:02
NASDAQ:AUR,Buy,48.56514726,6.55,0,2025-07-25 11:40:07
NASDAQ:SLDP,Buy,51.76603959,4.52,0,2025-07-25 11:40:52
NASDAQ:ADT,Buy,55.45989648,8.39,0,2025-07-25 11:41:14
NASDAQ:MVIS,Buy,151.9742935,1.54,0,2025-07-25 11:42:28
NASDAQ:UEC,Buy,60.62542837,8.75,0,2025-07-25 11:43:56
NASDAQ:ADT,Buy,0.32827175,8.39,0,2025-07-25 11:45:30
NASDAQ:KOPN,Sell,106.18948917,2.09,,2025-07-28 12:18:38
NASDAQ:RZLT,Buy,34.48320661,6.42,0,2025-07-28 12:31:27
NASDAQ:ATYR,Sell,150.13298351,6.55,,2025-07-28 13:34:00
NASDAQ:SMCI,Sell,2.881423,58.72,,2025-07-28 16:32:09
NASDAQ:ATYR,Buy,72.33584733,6.38,0,2025-07-29 08:00:02
NASDAQ:GNW,Buy,75.99119517,8.21,0,2025-07-29 08:00:05
NASDAQ:GNW,Buy,6.82101019,8.19,0,2025-07-29 08:00:07
NASDAQ:OKLO,Sell,6.28362279,77.37,,2025-07-29 13:31:11
NASDAQ:FUBO,Buy,64.61721428,3.57,0,2025-07-29 20:17:06
NASDAQ:FUBO,Sell,64.61721428,4.08,,2025-07-30 13:33:53
NASDAQ:OKLO,Sell,2.69298119,76.43,,2025-07-30 13:51:34
NASDAQ:AUR,Sell,90.0,6.42,,2025-07-31 10:12:49
NASDAQ:SNDL,Buy,127.0096157,1.75,0,2025-07-31 13:58:36
NASDAQ:SNDL,Buy,72.9903843,1.73,0,2025-07-31 13:58:36
NASDAQ:UEC,Sell,60.62542837,9.09,,2025-08-04 18:54:06
NASDAQ:PLTR,Sell,1.5555008,164.39,,2025-08-04 20:05:00
NASDAQ:QBTS,Sell,13.820728,19.01,,2025-08-05 14:01:03
NASDAQ:ONDS,Buy,190.8255429,3.03,0,2025-08-06 08:00:05
NASDAQ:TOI,Buy,17.30330597,4.19,0,2025-08-06 16:56:44
NASDAQ:TOI,Buy,38.14540949,4.19,0,2025-08-06 16:56:45
NASDAQ:ONDS,Sell,190.8255429,3.4,,2025-08-06 23:00:38
NASDAQ:ONDS,Buy,135.08865681,3.45,0,2025-08-07 10:10:40
NASDAQ:SLDP,Sell,51.76603959,4.06,,2025-08-07 13:35:11
NASDAQ:SLDP,Buy,55.38489309,4.2,0,2025-08-07 13:42:00
NASDAQ:HL,Buy,32.13958027,7.25,0,2025-08-07 21:48:03
NASDAQ:MQ,Buy,75.2480189,6.82,0,2025-08-08 11:00:00
NASDAQ:MQ,Buy,9.91896611,6.83,0,2025-08-08 11:00:00
NASDAQ:ONDS,Sell,135.08865681,3.93,,2025-08-08 13:48:20
NASDAQ:OKLO,Buy,2.18365612,75.93,0,2025-08-11 08:00:00
NASDAQ:AMPX,Buy,111.96369145,8.31,0,2025-08-11 08:00:00
NASDAQ:AUR,Sell,110.0,6.37,,2025-08-11 16:13:54
NASDAQ:WULF,Buy,122.98923739,5.68,0,2025-08-11 16:14:20
NASDAQ:SNDL,Sell,200.0,1.97,,2025-08-11 18:49:17
NASDAQ:OKLO,Buy,5.48987476,71.6,0,2025-08-11 21:03:41
NASDAQ:GNW,Sell,82.0,8.435,,2025-08-12 17:10:36
NASDAQ:GNW,Sell,0.81220536,8.43,,2025-08-12 17:11:00
NASDAQ:ADT,Sell,55.0,8.415,,2025-08-12 17:11:38
NASDAQ:ADT,Sell,0.78816823,8.41,,2025-08-12 17:11:41
NASDAQ:TOI,Sell,55.44871546,4.23,,2025-08-12 17:13:27
NASDAQ:TLS,Buy,90.0,5.195,0,2025-08-12 17:19:36
NASDAQ:GEVO,Buy,200.0,1.95,0,2025-08-12 17:20:03
NASDAQ:ONDS,Buy,144.01444471,3.77,0,2025-08-13 10:39:35
NASDAQ:SLDP,Sell,55.38489309,4.8,,2025-08-13 19:57:58
NASDAQ:ONDS,Buy,72.49270314,3.65,0,2025-08-14 08:00:00
NASDAQ:WULF,Sell,122.98923739,6.55,,2025-08-14 11:12:13
NASDAQ:ATO,Sell,4.411081,37.76,,2025-08-14 12:13:00
NASDAQ:ATO,Sell,1.964467,38.0,,2025-08-14 13:48:22
NASDAQ:OPEN,Sell,180.0,2.7,,2025-08-14 14:43:16
NASDAQ:WULF,Buy,196.37347253,7.96,0,2025-08-14 17:59:19
NASDAQ:WULF,Sell,196.37347253,8.42,,2025-08-14 18:38:04
NASDAQ:SLDP,Buy,100.0,5.5,0,2025-08-15 10:50:02
NASDAQ:WULF,Buy,60.0,8.49,0,2025-08-15 10:50:26
NASDAQ:OKLO,Buy,5.0,71.28,0,2025-08-15 15:48:02
NASDAQ:PGEN,Buy,75.5672349,3.18,0,2025-08-15 15:48:38
NASDAQ:ONDS,Sell,216.50714785,4.18,,2025-08-15 17:31:59
NASDAQ:ARRY,Buy,100.0,7.55,0,2025-08-18 08:00:00
NASDAQ:OPEN,Buy,44.25016911,3.29,0,2025-08-18 08:15:44
NASDAQ:RZLT,Sell,34.48320661,6.92,,2025-08-18 08:29:28
NASDAQ:IAUX,Buy,274.7402329,0.7127,0,2025-08-18 08:35:39
NASDAQ:IAUX,Buy,59.12989981,0.7127,0,2025-08-18 08:35:42
NASDAQ:WULF,Sell,60.0,9.81,,2025-08-18 12:05:18
NASDAQ:ARRY,Sell,100.0,8.22,,2025-08-18 15:48:03
NASDAQ:GDRX,Buy,100.0,5.05,0,2025-08-18 16:17:53
NASDAQ:OPEN,Sell,235.24163235,3.88,,2025-08-18 21:01:26
NASDAQ:ARRY,Buy,150.0,8.45,0,2025-08-18 21:06:38
NASDAQ:TLS,Sell,90.0,5.83,,2025-08-19 08:29:44
NASDAQ:ARRY,Sell,150.0,8.96,,2025-08-19 14:13:53
NASDAQ:ADT,Buy,200.0,8.835,0,2025-08-19 14:39:14
NASDAQ:ARRY,Buy,71.09314895,8.95,0,2025-08-19 21:42:33
NASDAQ:HL,Sell,32.13958027,7.39,,2025-08-20 10:37:32
NASDAQ:OKLO,Buy,3.5382822,66.95,0,2025-08-20 19:42:15
NASDAQ:PGEN,Sell,75.5672349,3.22,,2025-08-20 19:46:06
NASDAQ:U,Buy,6.74656044,35.96,0,2025-08-20 19:46:33
NASDAQ:ADT,Sell,100.0,8.685,,2025-08-21 15:07:12
NASDAQ:OPEN,Buy,241.23967019,3.59,0,2025-08-21 15:07:31
NASDAQ:OPEN,Sell,241.23967019,3.93,,2025-08-22 14:10:46
NASDAQ:OPEN,Buy,222.65707295,4.26,0,2025-08-22 16:22:21
NASDAQ:OPEN,Sell,222.65707295,4.62,,2025-08-22 17:07:33
NASDAQ:ONDS,Buy,213.07963435,4.8,0,2025-08-25 08:00:00
NASDAQ:IAUX,Sell,333.87013271,0.752,,2025-08-25 08:41:23
NASDAQ:SOFI,Buy,9.94875859,25.12,0,2025-08-25 10:39:46
NASDAQ:ARRY,Sell,71.09314895,9.05,,2025-08-25 14:02:09
NASDAQ:OPEN,Buy,126.27484842,5.08,0,2025-08-25 14:04:50
NASDAQ:OPEN,Sell,126.27484842,5.78,,2025-08-25 15:09:47
NASDAQ:ONDS,Sell,213.07963435,4.81,,2025-08-25 16:05:57
NASDAQ:OPEN,Buy,305.1328934,5.73,0,2025-08-25 16:06:15
NASDAQ:MVIS,Sell,151.9742935,1.08,,2025-08-25 18:37:01
NASDAQ:GPRO,Buy,100.99220184,1.62,0,2025-08-25 18:40:47
NASDAQ:U,Sell,6.74656044,40.0,,2025-08-26 13:32:18
NASDAQ:ONDS,Buy,52.37550941,5.14,0,2025-08-26 13:47:30
NASDAQ:OKLO,Sell,7.67353088,75.9,,2025-08-26 13:54:06
NASDAQ:OKLO,Sell,8.5382822,76.81,,2025-08-26 13:59:50
NASDAQ:ONDS,Buy,100.0,5.04,0,2025-08-26 14:03:27
NASDAQ:OKLO,Buy,9.32950747,78.3,0,2025-08-26 14:05:07
NASDAQ:SOFI,Sell,9.94875859,26.3,,2025-08-26 14:08:14
NASDAQ:RKLB,Buy,5.18414836,50.32,0,2025-08-26 14:08:30
NASDAQ:ADT,Sell,29.54,8.69,,2025-08-26 18:42:10
NASDAQ:ADT,Sell,20.46,8.69,,2025-08-26 18:42:12
NASDAQ:URG,Buy,309.42049427,1.4,0,2025-08-26 18:43:30
NASDAQ:VUSA,Sell,5.50763835,91.39,,2025-08-27 11:17:23
NASDAQ:EUNL,Sell,3.62658467,105.7,,2025-08-27 11:17:23
NASDAQ:NVDA,Buy,6.202439,182.01,0,2025-08-27 13:30:02
NASDAQ:GPRO,Sell,100.99220184,1.67,,2025-08-27 21:18:49
NASDAQ:MSTR,Sell,0.3312067,342.22,,2025-08-27 21:20:43
NASDAQ:RKLB,Sell,5.18414836,46.29,,2025-08-27 21:24:27
NASDAQ:RR,Buy,161.19668117,3.23,0,2025-08-27 21:25:22
NASDAQ:ONDS,Sell,152.37550941,5.49,,2025-08-28 14:19:04
NASDAQ:BBD,Buy,74.67175237,3.1,0,2025-08-28 14:22:57
NASDAQ:BBD,Buy,25.32824763,3.1,0,2025-08-28 14:23:12
NASDAQ:HL,Buy,8.53623347,8.08,0,2025-08-28 14:24:16
NASDAQ:HL,Buy,56.31938613,8.08,0,2025-08-28 14:24:20
NASDAQ:BBD,Sell,96.01,3.1,,2025-08-28 15:58:26
NASDAQ:BBD,Sell,3.99,3.1,,2025-08-28 15:58:33
NASDAQ:RZLV,Buy,82.85839335,3.73,0,2025-08-28 15:58:47
NASDAQ:OPEN,Sell,150.0,4.91,,2025-08-29 13:59:43
NASDAQ:HL,Sell,30.0,8.62,,2025-09-02 09:10:47
NASDAQ:CIFR,Buy,41.72657454,7.98,0,2025-09-02 09:13:40
NASDAQ:NRGV,Buy,300.0,2.08,0,2025-09-02 09:17:18
NASDAQ:RZLV,Buy,8.69348559,3.79,0,2025-09-02 10:17:39
NASDAQ:ADT,Sell,29.93,8.61,,2025-09-02 11:00:01
NASDAQ:ADT,Sell,20.07,8.65,,2025-09-02 11:00:02
NASDAQ:GROY,Buy,111.10336666,3.87,0,2025-09-02 11:14:28
NASDAQ:CIFR,Sell,41.72657454,8.96,,2025-09-03 08:15:07
NASDAQ:AMIX,Buy,276.28460533,1.35,0,2025-09-03 08:50:14
NASDAQ:URG,Sell,309.42049427,1.6,,2025-09-03 08:51:02
NASDAQ:CARV,Buy,181.89641326,2.47,0,2025-09-03 09:57:04
NASDAQ:CARV,Buy,17.99513141,2.47,0,2025-09-03 10:13:23
NASDAQ:RIVN,Sell,11.128976,14.2,,2025-09-03 13:43:31
NASDAQ:CARV,Sell,94.05,2.72,,2025-09-03 16:54:46
NASDAQ:CARV,Sell,81.78,2.85,,2025-09-03 17:05:39
NASDAQ:CARV,Sell,24.06154467,2.85,,2025-09-03 17:05:48
NASDAQ:RZLV,Sell,91.55187894,4.27,,2025-09-04 08:00:05
NASDAQ:NCI,Buy,100.0,2.29,0,2025-09-04 11:17:00
NASDAQ:SHLS,Buy,65.09844158,6.94,0,2025-09-04 13:02:01
NASDAQ:SHLS,Buy,4.90155842,6.94,0,2025-09-04 13:02:36
NASDAQ:AQST,Buy,80.54254483,4.8,0,2025-09-04 14:24:37
NASDAQ:OPEN,Sell,155.1328934,5.92,,2025-09-04 17:43:33
NASDAQ:TSHA,Buy,150.0,3.24,0,2025-09-04 18:14:12
NASDAQ:HL,Sell,34.8556196,8.99,,2025-09-05 12:30:22
NASDAQ:LDI,Buy,181.84454642,2.45,0,2025-09-05 12:42:48
NASDAQ:LDI,Buy,122.81874097,2.44,0,2025-09-05 12:43:12
NASDAQ:SHLS,Sell,38.74,7.56,,2025-09-05 13:34:18
NASDAQ:SHLS,Sell,31.26,7.57,,2025-09-05 13:34:19
NASDAQ:PRSO,Buy,332.0,1.428,0,2025-09-05 13:37:18
NASDAQ:PRSO,Buy,37.9302,1.43,0,2025-09-05 13:37:19
NASDAQ:LDI,Sell,86.8,2.85,,2025-09-05 13:41:12
NASDAQ:LDI,Sell,207.18,2.9,,2025-09-05 13:41:13
NASDAQ:LDI,Sell,10.68328739,2.85,,2025-09-05 13:41:33
NASDAQ:VEEE,Buy,100.0,2.8,0,2025-09-05 14:02:17
NASDAQ:OPEN,Buy,97.22740355,6.13,0,2025-09-05 14:33:33
NASDAQ:AQST,Sell,46.42,5.38,,2025-09-05 15:06:43
NASDAQ:AQST,Sell,34.12254483,5.38,,2025-09-05 15:06:44
NASDAQ:NVDA,Buy,2.61611449,165.14,0,2025-09-05 15:07:40
NASDAQ:OPEN,Sell,97.22740355,6.54,,2025-09-05 17:20:22
NASDAQ:DUO,Buy,100.0,3.78,0,2025-09-08 09:06:02
NASDAQ:XWIN,Buy,51.61954315,4.6,0,2025-09-08 09:07:50
NASDAQ:NRGV,Sell,300.0,2.03,,2025-09-08 11:00:00
NASDAQ:ALTS,Buy,137.201715,4.56,0,2025-09-08 11:23:13
NASDAQ:GROY,Sell,111.10336666,3.96,,2025-09-08 12:47:21
NASDAQ:ALTS,Buy,94.53915323,4.64,0,2025-09-08 12:50:01
NASDAQ:DUO,Sell,100.0,4.16,,2025-09-08 13:08:11
NASDAQ:XWIN,Sell,48.34,5.15,,2025-09-08 13:10:14
NASDAQ:XWIN,Sell,3.27954315,5.15,,2025-09-08 13:10:16
NASDAQ:LDI,Buy,164.0,3.718,0,2025-09-08 13:39:22
NASDAQ:LDI,Buy,18.92214,3.73,0,2025-09-08 13:39:22
NASDAQ:LDI,Sell,63.24,3.92,,2025-09-08 14:05:30
NASDAQ:LDI,Sell,119.68214,3.92,,2025-09-08 14:05:31
NASDAQ:ONDS,Buy,111.15174681,6.43,0,2025-09-08 14:33:28
NASDAQ:TSHA,Sell,127.5,3.24,,2025-09-09 13:46:21
NASDAQ:TSHA,Sell,22.5,3.24,,2025-09-09 13:46:28
NASDAQ:INVZ,Buy,253.71576,1.91,0,2025-09-09 13:46:49
NASDAQ:NVDA,Sell,2.61611449,169.98,,2025-09-09 19:47:46
NASDAQ:RIOT,Buy,29.36005705,15.1,0,2025-09-09 19:48:12
NASDAQ:AMPX,Sell,50.0,7.75,,2025-09-09 19:52:40
NASDAQ:NOK,Sell,7.93639,4.57,,2025-09-10 11:38:45
NASDAQ:BITF,Buy,255.86489721,1.65,0,2025-09-10 11:41:40
NASDAQ:INVZ,Sell,253.71576,1.86,,2025-09-10 13:13:03
NASDAQ:WULF,Buy,43.18960735,10.91,0,2025-09-10 13:38:37
NASDAQ:WULF,Sell,43.18960735,10.53,,2025-09-10 20:36:44
NASDAQ:PRSO,Sell,180.0,1.32,,2025-09-10 20:38:07
NASDAQ:BTBT,Buy,232.42755272,2.97,0,2025-09-10 20:39:13
NASDAQ:BITF,Sell,255.86489721,1.84,,2025-09-10 23:32:04
NASDAQ:MOGU,Buy,157.31814775,2.98,0,2025-09-11 11:53:06
NASDAQ:MOGU,Sell,63.11,3.48,,2025-09-11 12:09:50
NASDAQ:MOGU,Sell,94.20814775,3.49,,2025-09-11 12:09:51
NASDAQ:SMX,Buy,200.0,1.48,0,2025-09-11 12:52:54
NASDAQ:MOGU,Buy,30.78452047,8.19,0,2025-09-11 13:24:06
NASDAQ:BTBT,Sell,232.42755272,3.0,,2025-09-11 13:49:07
NASDAQ:OPEN,Buy,82.4741312,8.43,0,2025-09-11 13:51:39
NASDAQ:OPEN,Sell,82.4741312,8.92,,2025-09-11 14:00:15
NASDAQ:ASST,Buy,50.0,8.42,0,2025-09-11 14:26:34
NASDAQ:WBD,Buy,24.02268066,12.99,0,2025-09-11 14:26:43
NASDAQ:SMX,Sell,200.0,1.45,,2025-09-11 15:11:00
NASDAQ:PLUG,Buy,190.18552322,1.52,0,2025-09-11 15:11:30
NASDAQ:ASST,Sell,50.0,9.32,,2025-09-11 16:17:39
NASDAQ:RR,Sell,161.19668117,3.34,,2025-09-11 16:51:29
NASDAQ:WBD,Sell,24.02268066,14.94,,2025-09-11 17:34:46
NASDAQ:GRAB,Buy,150.0,5.52,0,2025-09-11 20:05:31
NASDAQ:WOLF,Buy,231.47401047,2.29,0,2025-09-12 13:41:44
NASDAQ:GRAB,Sell,150.0,5.94,,2025-09-12 15:11:08
NASDAQ:TLRY,Buy,300.0,1.11,0,2025-09-12 15:21:18
NASDAQ:ATYR,Sell,72.33584733,6.38,,2025-09-12 18:22:24
NASDAQ:OKLO,Sell,9.32950747,82.6,,2025-09-12 19:26:21
NASDAQ:WOLF,Sell,231.47401047,2.48,,2025-09-15 13:32:46
NASDAQ:JOBY,Buy,161.26588878,14.63,0,2025-09-15 14:41:39
NASDAQ:PLUG,Sell,190.18552322,1.52,,2025-09-15 16:26:47
NASDAQ:TLRY,Sell,300.0,1.14,,2025-09-15 16:27:31
NASDAQ:BITF,Buy,263.23435581,2.39,0,2025-09-15 16:28:00
NASDAQ:AMPX,Sell,61.96369145,8.94,,2025-09-16 14:58:24
NASDAQ:BITF,Sell,263.23435581,2.7,,2025-09-16 15:07:18
NASDAQ:SNAP,Buy,166.22911807,7.58,0,2025-09-16 15:33:25
NASDAQ:RIOT,Sell,29.36005705,17.16,,2025-09-16 16:05:17
NASDAQ:NIO,Buy,73.72168297,6.82,0,2025-09-16 16:27:52
NASDAQ:JOBY,Sell,80.0,14.23,,2025-09-16 19:45:17
NASDAQ:GRAB,Buy,179.0190817,6.34,0,2025-09-16 19:45:34
NASDAQ:GEVO,Sell,200.0,2.12,,2025-09-18 20:03:05
NASDAQ:AIIO,Buy,182.76613545,2.31,0,2025-09-19 09:33:06
NASDAQ:JOBY,Sell,40.0,15.46,,2025-09-19 14:15:12
NASDAQ:GRAB,Buy,95.43233931,6.46,0,2025-09-19 14:19:46
NASDAQ:NIO,Sell,73.72168297,7.5,,2025-09-19 14:37:04
NASDAQ:CLSK,Buy,39.6308789,13.91,0,2025-09-19 14:41:12
NASDAQ:JOBY,Sell,41.26588878,16.12,,2025-09-19 16:39:52
NASDAQ:SNAP,Sell,100.0,8.6,,2025-09-22 00:07:46
NASDAQ:PLUG,Buy,500.0,2.21,0,2025-09-22 11:05:29
NASDAQ:EOSE,Buy,40.98984313,10.25,0,2025-09-22 11:39:58
NASDAQ:MVST,Sell,32.44675066,3.74,,2025-09-22 13:45:20
NASDAQ:PLUG,Sell,250.0,2.44,,2025-09-22 14:12:14
NASDAQ:ONDS,Sell,111.15174681,7.17,,2025-09-22 14:44:16
NASDAQ:LAES,Buy,250.0,4.48,0,2025-09-22 15:12:55
NASDAQ:IONQ,Buy,5.60382371,72.16,0,2025-09-22 17:35:05
NASDAQ:PLUG,Sell,250.0,2.68,,2025-09-22 20:08:57
NASDAQ:PLUG,Buy,236.13520038,2.83,0,2025-09-23 08:52:50
NASDAQ:GRAB,Sell,100.0,6.46,,2025-09-23 13:52:28
NASDAQ:NIO,Buy,92.27596727,6.98,0,2025-09-23 13:52:42
NASDAQ:EOSE,Sell,40.98984313,10.34,,2025-09-23 14:02:55
NASDAQ:BTG,Buy,85.01825649,4.97,0,2025-09-23 14:03:09
NASDAQ:VEEE,Sell,5.96,3.06,,2025-09-23 20:13:47
NASDAQ:VEEE,Sell,94.04,3.07,,2025-09-23 20:13:48
NASDAQ:JOBY,Buy,18.34752194,16.68,0,2025-09-23 22:18:48
NASDAQ:JOBY,Sell,18.34752194,16.95,,2025-09-24 08:38:24
NASDAQ:XPON,Buy,172.24242722,1.8,0,2025-09-24 08:40:13
NASDAQ:IONQ,Sell,5.60382371,75.39,,2025-09-24 10:21:28
NASDAQ:NIO,Sell,92.27596727,7.09,,2025-09-24 10:21:54
NASDAQ:BBAI,Buy,76.0,8.15,0,2025-09-24 10:36:13
NASDAQ:BTG,Sell,85.01825649,4.91,,2025-09-24 10:49:08
NASDAQ:RIG,Buy,209.0,3.735,0,2025-09-24 14:40:06
NASDAQ:RIG,Buy,23.71013,3.74,0,2025-09-24 14:40:07
NASDAQ:AIIO,Sell,182.76613545,2.55,,2025-09-25 16:32:49
NASDAQ:SNAP,Buy,56.19099003,8.25,0,2025-09-25 18:59:19
NASDAQ:SNAP,Sell,122.4201081,8.29,,2025-09-26 14:44:08
NASDAQ:BB,Buy,202.03756814,5.01,0,2025-09-26 14:45:05
NASDAQ:BB,Sell,100.0,5.02,,2025-09-29 10:26:23
NASDAQ:NCEL,Buy,212.01487029,2.36,0,2025-09-29 11:17:32
NASDAQ:CLSK,Sell,39.6308789,14.96,,2025-09-29 16:00:37
NASDAQ:NVTS,Buy,82.32844449,7.18,0,2025-09-29 16:32:27
NASDAQ:BB,Sell,102.03756814,4.95,,2025-09-29 20:13:58
NASDAQ:PYPL,Buy,7.22544166,69.69,0,2025-09-29 20:16:06
NASDAQ:NCEL,Sell,212.01487029,2.98,,2025-09-30 11:01:59
NASDAQ:NCEL,Buy,203.8459031,3.09,0,2025-09-30 11:02:56
NASDAQ:NVTS,Sell,22.0,7.13,,2025-10-01 11:20:00
NASDAQ:PATH,Buy,11.73241978,13.33,0,2025-10-01 11:23:45
NASDAQ:NVDA,Buy,0.04804538,185.2,0,2025-10-01 13:30:07
NASDAQ:NVTS,Sell,60.32844449,7.95,,2025-10-02 14:59:22
NASDAQ:NVDA,Sell,12.46219202,189.2,,2025-10-02 14:59:58
NASDAQ:CAN,Buy,134.0,1.34,0,2025-10-02 16:19:59
NASDAQ:TSHA,Buy,105.17019834,4.83,0,2025-10-02 16:23:19
NASDAQ:TSHA,Buy,59.82980166,4.83,0,2025-10-02 16:23:22
NASDAQ:PLUG,Sell,236.13520038,2.83,,2025-10-02 17:57:18
NASDAQ:ACHR,Buy,60.0,10.24,0,2025-10-02 20:54:48
NASDAQ:CAN,Sell,134.0,1.55,,2025-10-03 09:55:58
NASDAQ:PLUG,Buy,700.05294264,3.02,0,2025-10-03 10:37:49
NASDAQ:LAES,Sell,250.0,4.48,,2025-10-03 12:40:27
NASDAQ:TSHA,Sell,107.8,4.89,,2025-10-03 12:40:43
NASDAQ:TSHA,Sell,57.2,4.89,,2025-10-03 12:41:06
NASDAQ:ACHR,Sell,60.0,10.36,,2025-10-03 12:41:32
NASDAQ:PLUG,Buy,756.314305,3.36,0,2025-10-03 12:41:48
NASDAQ:PATH,Sell,11.73241978,13.33,,2025-10-03 13:50:00
NASDAQ:PLUG,Sell,400.0,3.58,,2025-10-03 13:53:50
NASDAQ:PLUG,Sell,340.0,3.69,,2025-10-03 15:05:16
NASDAQ:RR,Buy,82.0,6.21,0,2025-10-03 19:26:54
NASDAQ:PLUG,Sell,160.0,3.79,,2025-10-03 19:28:38
NASDAQ:PYPL,Sell,7.22544166,69.7,,2025-10-06 00:08:57
NASDAQ:RR,Sell,82.0,6.74,,2025-10-06 08:06:17
NASDAQ:PLUG,Sell,270.0,4.2,,2025-10-06 08:13:46
NASDAQ:PLUG,Sell,144.0,4.67,,2025-10-06 08:32:39
NASDAQ:LAC,Buy,120.0,9.57,0,2025-10-06 09:24:23
NASDAQ:PATH,Buy,80.0,14.29,0,2025-10-06 09:53:59
NASDAQ:PLUG,Buy,250.0,4.56,0,2025-10-06 09:55:41
NASDAQ:XPON,Sell,172.24242722,1.67,,2025-10-06 13:08:50
NASDAQ:NFE,Buy,106.21840533,2.7,0,2025-10-06 13:09:38
NASDAQ:TSLA,Buy,2.64824308,440.95,0,2025-10-06 13:30:00
NASDAQ:NVDA,Buy,4.36243175,185.65,0,2025-10-06 13:30:19
NASDAQ:NVDA,Buy,1.92469131,185.94,0,2025-10-06 13:30:28
NASDAQ:SLDP,Sell,100.0,5.98,,2025-10-06 15:49:08
NASDAQ:SNAP,Buy,69.08504176,8.63,0,2025-10-06 16:30:28
NASDAQ:PATH,Sell,80.0,14.96,,2025-10-06 17:32:29
NASDAQ:DVLT,Buy,710.34464582,1.68,0,2025-10-06 18:06:46
NASDAQ:DVLT,Sell,710.34464582,1.94,,2025-10-06 18:27:24
NASDAQ:ACHR,Buy,50.0,13.75,0,2025-10-06 19:26:30
NASDAQ:PATH,Buy,47.16555494,14.55,0,2025-10-06 19:26:45
NASDAQ:GRAB,Sell,74.0,6.54,,2025-10-07 10:59:54
NASDAQ:SNAP,Sell,69.08504176,8.6,,2025-10-07 11:00:00
NASDAQ:SOFI,Buy,20.0,27.26,0,2025-10-07 11:00:48
NASDAQ:SES,Buy,208.41210448,2.54,0,2025-10-07 11:07:21
NASDAQ:SES,Sell,208.41210448,2.74,,2025-10-07 19:35:22
NASDAQ:POET,Buy,67.89716109,8.39,0,2025-10-07 21:11:27
NASDAQ:PLUG,Sell,60.0,3.9,,2025-10-08 10:31:38
NASDAQ:NERV,Buy,93.70257895,2.49,0,2025-10-08 10:32:11
NASDAQ:RIG,Sell,70.0,3.48,,2025-10-08 10:52:21
NASDAQ:PRSO,Sell,189.9302,1.3,,2025-10-08 10:56:09
NASDAQ:CFLT,Buy,20.25079386,24.16,0,2025-10-08 12:49:20
NASDAQ:GRAB,Sell,100.45142101,6.3,,2025-10-08 13:33:35
NASDAQ:QS,Buy,36.36991431,17.35,0,2025-10-08 13:33:51
NASDAQ:NERV,Sell,93.70257895,2.89,,2025-10-08 16:57:10
NASDAQ:PATH,Sell,47.16555494,15.19,,2025-10-08 16:57:20
NASDAQ:CIFR,Buy,56.23691642,17.51,0,2025-10-08 17:49:07
NASDAQ:SOFI,Sell,20.0,27.87,,2025-10-08 17:56:38
NASDAQ:NERV,Buy,185.23679013,3.0,0,2025-10-08 17:57:47
NASDAQ:CIFR,Sell,56.23691642,18.32,,2025-10-08 21:34:09
NASDAQ:POET,Sell,67.89716109,9.46,,2025-10-08 21:57:03
NASDAQ:CFLT,Sell,3.476,25.93,,2025-10-09 00:00:25
NASDAQ:RXRX,Buy,182.0,6.2,0,2025-10-09 08:06:28
NASDAQ:BITF,Buy,153.07765486,4.09,0,2025-10-09 09:33:05
NASDAQ:BITF,Sell,153.07765486,4.03,,2025-10-09 15:15:37
NASDAQ:LAES,Buy,113.47502214,5.42,0,2025-10-09 15:15:55
NASDAQ:GDRX,Sell,60.97,5.79,,2025-10-09 16:34:08
NASDAQ:GDRX,Sell,39.03,5.78,,2025-10-09 16:34:09
NASDAQ:LAES,Sell,113.47502214,5.49,,2025-10-09 18:15:20
NASDAQ:PATH,Buy,41.0,19.07,0,2025-10-10 08:18:08
NASDAQ:ADTX,Buy,300.0,0.7638,0,2025-10-10 10:59:20
NASDAQ:ADTX,Sell,250.5,0.725,,2025-10-10 13:08:47
NASDAQ:ADTX,Sell,49.5,0.7249,,2025-10-10 13:08:57
NASDAQ:BBAI,Sell,76.0,8.52,,2025-10-10 14:23:54
NASDAQ:NVTS,Buy,115.73197962,9.11,0,2025-10-10 15:05:04
NASDAQ:NVTS,Sell,115.73197962,9.49,,2025-10-13 14:09:00
NASDAQ:QS,Sell,36.36991431,17.64,,2025-10-13 14:12:00
NASDAQ:QS,Buy,98.58360815,17.59,0,2025-10-13 14:14:27
NASDAQ:QS,Sell,30.0,17.2,,2025-10-13 15:04:11
NASDAQ:ASPI,Buy,41.28743398,12.46,0,2025-10-13 15:04:28
NASDAQ:ASPI,Sell,41.28743398,12.8,,2025-10-13 15:20:57
NASDAQ:BBAI,Buy,60.80150265,8.67,0,2025-10-13 17:08:33
NASDAQ:BBAI,Sell,60.80150265,8.98,,2025-10-13 18:51:39
NASDAQ:NVTS,Buy,38.48365433,14.15,0,2025-10-13 21:26:10
NASDAQ:CFLT,Sell,11.024,22.65,,2025-10-14 11:31:04
NASDAQ:IREN,Buy,3.95932626,62.89,0,2025-10-14 11:31:52
NASDAQ:CFLT,Sell,5.75079386,22.65,,2025-10-14 11:33:29
NASDAQ:IREN,Buy,2.04821797,63.4,0,2025-10-14 11:33:50
NASDAQ:QS,Sell,68.58360815,16.64,,2025-10-14 15:06:35
NASDAQ:WULF,Buy,75.8418192,15.0,0,2025-10-14 15:06:56
NASDAQ:WULF,Sell,25.0,15.32,,2025-10-14 15:36:46
NASDAQ:IREN,Sell,6.00754423,67.81,,2025-10-14 16:12:15
NASDAQ:WULF,Sell,50.8418192,15.92,,2025-10-14 17:39:42
NASDAQ:CAN,Buy,891.69885363,1.79,0,2025-10-14 17:58:04
NASDAQ:LAC,Sell,60.0,9.98,,2025-10-14 19:34:29
NASDAQ:NVDA,Buy,3.29900229,180.89,0,2025-10-14 20:36:38
NASDAQ:CAN,Sell,891.69885363,1.89,,2025-10-14 21:46:11
NASDAQ:CAN,Buy,833.02544019,2.02,0,2025-10-15 10:19:56
NASDAQ:LAC,Sell,60.0,10.13,,2025-10-15 10:21:19
NASDAQ:LAES,Buy,70.0,8.2,0,2025-10-15 10:43:47
NASDAQ:LAES,Buy,3.86405172,8.22,0,2025-10-15 11:00:35
NASDAQ:RXRX,Sell,182.0,6.67,,2025-10-15 14:00:28
NASDAQ:NVTS,Sell,38.48365433,15.22,,2025-10-15 14:43:03
NASDAQ:ACHR,Sell,50.0,14.52,,2025-10-15 14:51:36
NASDAQ:EOSE,Buy,133.09977471,17.86,0,2025-10-15 18:58:40
NASDAQ:EOSE,Buy,7.96459473,17.87,0,2025-10-15 18:58:40
NASDAQ:TSLA,Sell,2.64824308,435.31,,2025-10-16 08:31:48
NASDAQ:SANA,Buy,30.58981821,6.19,0,2025-10-16 08:32:15
NASDAQ:SANA,Buy,73.0,6.23,0,2025-10-16 08:32:29
NASDAQ:SANA,Buy,73.0,6.23,0,2025-10-16 08:32:32
NASDAQ:SANA,Buy,8.04380328,6.27,0,2025-10-16 08:32:33
NASDAQ:NVDA,Sell,2.97169886,177.08,,2025-10-17 08:41:41
NASDAQ:EOSE,Buy,36.23134012,14.48,0,2025-10-17 08:42:05
NASDAQ:AMIX,Sell,233.62,1.08,,2025-10-17 08:51:54
NASDAQ:AMIX,Sell,42.66460533,1.08,,2025-10-17 09:15:23
NASDAQ:LAES,Buy,42.27365522,7.02,0,2025-10-17 12:37:56
NASDAQ:NFE,Sell,106.21840533,1.92,,2025-10-17 19:58:49
NASDAQ:KVUE,Buy,13.29476468,15.28,0,2025-10-17 21:21:25
NASDAQ:NVDA,Sell,6.61442649,183.07,,2025-10-17 22:32:48
NASDAQ:CIFR,Buy,62.32638757,19.37,0,2025-10-17 22:33:10
NASDAQ:CAN,Sell,833.02544019,2.15,,2025-10-20 14:53:23
NASDAQ:NERV,Sell,72.91,4.24,,2025-10-21 12:00:27
NASDAQ:NERV,Sell,112.32679013,4.23,,2025-10-21 12:00:27
NASDAQ:EOSE,Sell,80.0,18.28,,2025-10-21 12:36:07
NASDAQ:KVUE,Sell,13.29476468,14.99,,2025-10-21 19:52:44
NASDAQ:F,Buy,103.33842652,12.56,0,2025-10-21 20:08:51
NASDAQ:F,Buy,56.0,12.56,0,2025-10-21 20:08:55
NASDAQ:F,Buy,56.0,12.56,0,2025-10-21 20:09:02
NASDAQ:AVDL,Buy,26.95258067,18.65,0,2025-10-22 11:44:43
NASDAQ:AVDL,Buy,24.0,18.65,0,2025-10-22 11:45:19
NASDAQ:AVDL,Buy,24.0,18.65,0,2025-10-22 11:45:37
NASDAQ:AVDL,Buy,5.85055238,18.65,0,2025-10-22 11:45:52
NASDAQ:AVDL,Sell,80.0,18.515,,2025-10-22 13:43:16
NASDAQ:AVDL,Sell,0.80313305,18.51,,2025-10-22 13:43:20
NASDAQ:BB,Buy,271.0,4.939,0,2025-10-22 13:43:31
NASDAQ:BB,Buy,31.02637,4.94,0,2025-10-22 13:43:33
NASDAQ:RIG,Sell,162.71013,3.44,,2025-10-22 15:36:31
NASDAQ:CAN,Buy,309.79817332,1.8,0,2025-10-23 17:38:11
NASDAQ:F,Sell,36.3,12.97,,2025-10-23 20:58:19
NASDAQ:F,Sell,33.595,12.97,,2025-10-23 21:06:19
NASDAQ:QLGN,Buy,124.21205254,7.27,0,2025-10-24 09:06:45
NASDAQ:F,Sell,36.878,12.79,,2025-10-24 12:05:49
NASDAQ:F,Sell,36.878,12.79,,2025-10-24 12:06:05
NASDAQ:F,Sell,71.68742652,12.79,,2025-10-24 12:07:19
NASDAQ:LUMN,Buy,131.58518091,8.04,0,2025-10-24 13:07:20
NASDAQ:LUMN,Buy,99.62170186,8.04,0,2025-10-24 13:07:56
NASDAQ:CIFR,Sell,62.32638757,20.66,,2025-10-24 19:30:03
NASDAQ:LUMN,Sell,96.59,8.64,,2025-10-27 05:17:49
NASDAQ:ASST,Buy,787.07321471,1.63,0,2025-10-27 08:00:39
NASDAQ:ASST,Buy,504.16444781,1.65,0,2025-10-27 08:00:41
NASDAQ:LUMN,Sell,3.41,8.38,,2025-10-27 08:51:09
NASDAQ:ASST,Buy,20.35153985,1.4,0,2025-10-27 09:22:43
NASDAQ:NCI,Sell,85.89,1.91,,2025-10-27 13:59:55
NASDAQ:NCI,Sell,14.11,1.89,,2025-10-27 14:02:02
NASDAQ:ASST,Buy,129.33401265,1.47,0,2025-10-27 14:04:49
NASDAQ:LUMN,Sell,70.0,8.86,,2025-10-27 15:59:49
NASDAQ:LUMN,Sell,61.20688277,9.22,,2025-10-27 18:44:58
NASDAQ:EOSE,Buy,75.54831975,15.64,0,2025-10-27 20:13:07
NASDAQ:VUSA,Sell,5.90613592,99.035,,2025-10-30 08:00:32
NASDAQ:DGXX,Buy,132.12824275,5.8,0,2025-10-31 10:21:50
NASDAQ:DGXX,Sell,132.12824275,6.16,,2025-10-31 21:00:46
NASDAQ:BB,Sell,120.18,4.92,,2025-11-03 10:01:56
NASDAQ:BB,Sell,181.84637,4.91,,2025-11-03 10:02:45
NASDAQ:TERN,Buy,47.97268259,15.02,0,2025-11-04 12:22:55
NASDAQ:TERN,Buy,30.0,15.0,0,2025-11-04 12:25:03
NASDAQ:TERN,Buy,30.0,14.81,0,2025-11-04 12:25:48
NASDAQ:TERN,Buy,30.0,14.93,0,2025-11-04 12:26:04
NASDAQ:TERN,Buy,14.73587353,14.94,0,2025-11-04 12:27:07
NASDAQ:TERN,Sell,15.753,15.9,,2025-11-04 14:30:16
NASDAQ:TERN,Sell,32.019,15.97,,2025-11-04 14:30:16
NASDAQ:TERN,Sell,0.001,15.97,,2025-11-04 14:30:18
NASDAQ:TERN,Sell,55.247,16.5,,2025-11-04 14:32:28
NASDAQ:TERN,Sell,4.753,16.51,,2025-11-04 14:32:29
NASDAQ:TERN,Sell,35.131,18.4,,2025-11-04 14:43:06
NASDAQ:TERN,Sell,9.80455612,18.56,,2025-11-04 14:46:45
NASDAQ:CIFR,Buy,112.07932975,22.96,0,2025-11-04 14:54:52
NASDAQ:CIFR,Sell,60.0,22.99,,2025-11-04 15:13:06
NASDAQ:CIFR,Sell,52.07932975,23.87,,2025-11-04 15:21:02
NASDAQ:CIFR,Buy,108.49073272,24.1,0,2025-11-04 15:22:28
NASDAQ:CIFR,Sell,108.49073272,24.88,,2025-11-05 14:47:47
NASDAQ:CIFR,Buy,113.27402298,23.76,0,2025-11-05 15:30:22
NASDAQ:CIFR,Sell,113.27402298,24.75,,2025-11-05 15:42:26
NASDAQ:CIFR,Buy,111.80725385,25.0,0,2025-11-05 15:43:14
NASDAQ:EOSE,Sell,100.0,16.98,,2025-11-07 19:20:21
NASDAQ:EOSE,Sell,72.84402931,17.56,,2025-11-07 19:36:14
NASDAQ:EOSE,Buy,164.48455602,18.03,0,2025-11-07 19:59:11
NASDAQ:EOSE,Sell,164.48455602,18.47,,2025-11-07 21:12:54
NASDAQ:HLLY,Buy,100.0,3.988,0,2025-11-10 14:31:06
NASDAQ:HLLY,Buy,583.0,3.99,0,2025-11-10 14:31:06
NASDAQ:HLLY,Buy,76.2169,3.98,0,2025-11-10 14:31:09
NASDAQ:HLLY,Sell,209.0,3.922,,2025-11-10 15:12:21
NASDAQ:HLLY,Sell,100.0,3.925,,2025-11-10 15:12:21
NASDAQ:HLLY,Sell,100.0,3.925,,2025-11-10 15:12:21
NASDAQ:HLLY,Sell,0.2169,3.92,,2025-11-10 15:12:26
NASDAQ:GRAB,Buy,267.19730123,5.99,0,2025-11-10 15:12:52
NASDAQ:GRAB,Sell,120.0,5.82,,2025-11-11 20:13:53
NASDAQ:OPEN,Buy,82.79620095,8.41,0,2025-11-11 20:14:06
NASDAQ:OPEN,Sell,82.79620095,8.44,,2025-11-11 20:15:08
NASDAQ:OPEN,Buy,82.54527819,8.44,0,2025-11-11 20:16:10
NASDAQ:OPEN,Sell,82.54527819,8.94,,2025-11-12 19:55:31
NASDAQ:OPEN,Buy,80.93950022,9.09,0,2025-11-12 20:34:31
NASDAQ:OPEN,Sell,80.93950022,9.23,,2025-11-13 12:00:22
NASDAQ:BBAI,Buy,104.61165185,7.12,0,2025-11-13 12:00:57
NASDAQ:EUNL,Sell,5.0,108.69,,2025-11-14 12:42:33
NASDAQ:VUSA,Sell,5.0,96.0,,2025-11-14 12:42:56
NASDAQ:CIFR,Buy,93.94487319,13.44,0,2025-11-14 12:53:12
